Class Nbr,Subj,CRS,Course Title,SBC,Cmp,Sctn,Credits,Days,Start Time,End Time,Room,Instructor
95394,AMS,151,Applied Calculus I,QPS,LEC,90,3,MW,3:30 PM,4:50 PM,C103,Kazem Mahdavi
95395,AMS,161,Applied Calculus II,QPS,LEC,90,3,MW,3:30 PM,4:50 PM,C107,Young-seon Lee
95656,AMS,161,Applied Calculus II,QPS,LEC,91,3,TUTH,3:30 PM,4:50 PM,C107,Young-seon Lee
95396,AMS,210,Applied Linear Algebra,STEM+,LEC,90,3,MW,5:00 PM,6:20 PM,C103,Kazem Mahdavi
95397,AMS,261,Applied Calculus III,STEM+,LEC,90,4,MW,3:30 PM,4:50 PM,B204,Tan Cao
95398,AMS,261,Applied Calculus III,STEM+,REC,R90,RECM,12:30 PM,1:25 PM,B204,Tan Cao,
95399,AMS,301,Finite Mathematical Structures,STEM+,LEC,90,3,MW,5:00 PM,6:20 PM,B103,Suil O
95400,AMS,310,Survey of Probability and Stat,STEM+,LEC,90,3,MW,10:30 AM,11:50 AM,B203,MYOUNGSHIC JHUN
95562,AMS,317,Regression Analysis,,LEC,90,3,MW,2:00 PM,3:20 PM,A117,CHANGSOON PARK
95587,AMS,318,Financial Mathematics,WRTD,LEC,90,3,TUTH,5:00 PM,6:20 PM,B205,Ky Tran
95401,AMS,361,Applied Calculus IV: Diff Equ,STEM+,LEC,90,4,MW,2:00 PM,3:20 PM,A312,Tan Cao
95402,AMS,361,Applied Calculus IV: Diff Equ,STEM+,REC,R90,RECF,10:30 AM,11:25 AM,A312,Tan Cao,
95588,AMS,394,Statistical Laboratory,CER; ESI; EXP+,LAB,L90,3,TUTH,10:30 AM,11:50 AM,A115,Hyunwook Koh
95618,AMS,412,Mathematical Statistics,CER; ESI; EXP+,LEC,90,3,MW,3:30 PM,4:50 PM,B206,MYOUNGSHIC JHUN
95509,AMS,475,Undergrad Teachng Practicum,EXP+; SPK,TUT,T90,3,APPT,1:00 AM,1:00 AM,,MYOUNGSHIC JHUN
95517,AMS,476,Undergrad Teaching Practicum,EXP+; SPK,TUT,T90,3,APPT,1:00 AM,1:00 AM,,MYOUNGSHIC JHUN
95518,AMS,487,Research in Applied Mathematic,EXP+; WRTD,TUT,T90,0 to 3,APPT,1:00 AM,1:00 AM,,MYOUNGSHIC JHUN
95563,AMS,487,Research in Applied Mathematic,EXP+; WRTD,TUT,T91,0 to 3,APPT,1:00 AM,1:00 AM,,Kazem Mahdavi
95564,AMS,487,Research in Applied Mathematic,EXP+; WRTD,TUT,T92,0 to 3,APPT,1:00 AM,1:00 AM,,Tan Cao
95606,AMS,487,Research in Applied Mathematic,EXP+; WRTD,TUT,T93,0 to 3,APPT,1:00 AM,1:00 AM,,Suil O
95674,AMS,487,Research in Applied Mathematic,EXP+; WRTD,TUT,T94,0 to 3,APPT,1:00 AM,1:00 AM,,Hyunwook Koh
95675,AMS,487,Research in Applied Mathematic,EXP+; WRTD,TUT,T95,0 to 3,APPT,1:00 AM,1:00 AM,,Ky Tran
95629,AMS,507,Introduction to Probability,,REC,R90,3,REM,1:00 PM,1:55 PM,A312,Ky Tran
95628,AMS,507,Introduction to Probability,,LEC,90,TUTH,2:00 PM,3:20 PM,A312,Ky Tran,
95631,AMS,510,Analytical Methods for AMS,,REC,R90,3,RETH,5:00 PM,5:55 PM,B206,Kazem Mahdavi
95630,AMS,510,Analytical Methods for AMS,,LEC,90,TUTH,3:30 PM,4:50 PM,B206,Kazem Mahdavi,
95619,AMS,572,Data Analysis I,,LEC,90,3,TUTH,9:00 AM,10:20 AM,A116,Hyunwook Koh
95657,AMS,597,Statistical Computing,,LAB,L90,3,MW,10:30 AM,11:50 AM,B314,CHANGSOON PARK
95620,AMS,599,Research,,TUT,T90,3,APPT,1:00 AM,1:00 AM,,Suil O
Class Nbr,Subj,CRS,Course Title,SBC,Cmp,Sctn,Credits,Days,Start Time,End Time,Room,Instructor
95444,ACC,210,Financial Accounting,,LEC,90,3,TUTH,2:00 PM,3:20 PM,B204,Jeehong Kim
95637,ACC,210,Financial Accounting (major & non-major students),,LEC,91,3,F,9:00 AM,11:50 AM,B103,Sunghee Kim
96498,ACC,214,Managerial Cost Analysis and Applications,,LEC,90,3,F,9:00 AM,11:50 AM,B204,Soo Young Kwon
96497,ACC,310,Intermediate Accounting I,,LEC,90,3,W,9:00 AM,11:50 AM,A724,Sunghee Kim
95445,BUS,215,Intro to Business Statistics,,LEC,90,3,MW,3:30 PM,4:50 PM,B103,Jaeyeong Lee
95495,BUS,220,Intro to Decision Sciences,STEM+,LEC,91,3,MW,10:30 AM,11:50 AM,B105,Chungseung Lee
95641,BUS,301,Business Communications,SPK; WRTD,LEC,90,3,W,2:00 PM,4:50 PM,A211,Tae Hee Lee
95627,BUS,326,Organizational Behavior,DIV,LEC,90,3,TUTH,5:00 PM,6:20 PM,B103,Chih-mao Hsieh
95451,BUS,330,Principles of Finance,,LEC,90,3,TUTH,10:30 AM,11:50 AM,B105,Joung Hwa Choi
96313,BUS,334,Integrated Mktg Communications,,LEC,90,3,MW,2:00 PM,3:20 PM,B203,Dae Ryun Chang
96314,BUS,340,Information Systems in Management,TECH,LEC,90,3,MW,10:30 AM,11:50 AM,A312,KYUNG KU KIM
95519,BUS,346,Operations Management,,LEC,90,3,MW,3:30 PM,4:50 PM,B105,Chungseung Lee
95452,BUS,348,Principles of Marketing,,LEC,90,3,MW,2:00 PM,3:20 PM,C107,Myunghun Chung
96396,BUS,348,Principles of Marketing (major & non-major students),,LEC,91,3,MW,10:30 AM,11:50 AM,B207,Dae Ryun Chang
95609,BUS,353,Entrepreneurship,,LEC,90,3,TUTH,3:30 PM,4:50 PM,B103,Chih-mao Hsieh
96335,BUS,355,Investment Analysis,,LEC,90,3,TUTH,9:00 AM,10:20 AM,B204,Joung Hwa Choi
95638,BUS,358,Marketing Research,ESI,LEC,90,3,MW,3:30 PM,4:50 PM,B207,Myunghun Chung
95642,BUS,359,Consumer Behavior,,LEC,90,3,TU,2:00 PM,4:50 PM,A114,Young-Won Ha
95671,BUS,365,Financial Management,ESI,LEC,90,3,MW,10:30 AM,11:50 AM,B313,Joung Hwa Choi
95677,BUS,366,Money and Financial Inst.,,LEC,90,3,TU,10:30 AM,1:20 PM,A116,Sung Sup Choi
95610,BUS,447,Business Ethics,CER,LEC,T90,3,TH,10:30 AM,1:20 PM,A116,In Ki Joo
95453,BUS,475,Undergrad Teachng Practicum I,EXP+,TUT,T91,3,APPT,1:00 AM,1:00 AM,,Jaeyeong Lee
95597,BUS,475,Undergrad Teachng Practicum I,EXP+,TUT,T92,3,APPT,1:00 AM,1:00 AM,,Chih-mao Hsieh
95598,BUS,475,Undergrad Teachng Practicum I,EXP+,TUT,T93,3,APPT,1:00 AM,1:00 AM,,Jeehong Kim
95602,BUS,475,Undergrad Teachng Practicum I,EXP+,TUT,T94,3,APPT,1:00 AM,1:00 AM,,Joung Hwa Choi
95646,BUS,475,Undergrad Teachng Practicum I,EXP+,TUT,T90,3,APPT,1:00 AM,1:00 AM,,Young-Won Ha
96677,BUS,475,Undergrad Teachng Practicum I,EXP+,TUT,T97,3,APPT,1:00 AM,1:00 AM,,Dae Ryun Chang
96678,BUS,475,Undergrad Teachng Practicum I,EXP+,TUT,T98,3,APPT,1:00 AM,1:00 AM,,Sunghee Kim
96683,BUS,476,Undergrad Teachng Practicum II,EXP+,TUT,T92,3,APPT,1:00 AM,1:00 AM,,Chih-mao Hsieh
95446,BUS,488,Internship,EXP+,TUT,T90,0 to 3,APPT,1:00 AM,1:00 AM,,Jeehong Kim
Class Nbr,Subj,CRS,Course Title,SBC,Cmp,Sctn,Credits,Days,Start Time,End Time,Room,Instructor
95403,CSE,101,Computer Science Principles,TECH,LEC,90,3,TUTH,10:30 AM,11:50 AM,C107,Byungkon Kang
95404,CSE,101,Computer Science Principles,TECH,LAB,L90,LABM,10:30 AM,11:50 AM,C107,Byungkon Kang,
95405,CSE,114,Intro to Object-Oriented Prog,TECH,LEC,90,4,MW,10:30 AM,11:50 AM,C103,Antonino Mione
95406,CSE,114,Intro to Object-Oriented Prog,TECH,LAB,L90,TUTH,2:00 PM,3:20 PM,C103,Antonino Mione,
95407,CSE,214,Data Structures,,LEC,90,4,TUTH,2:00 PM,3:20 PM,C105,Byungkon Kang
95408,CSE,214,Data Structures,,REC,R90,RECW,2:00 PM,2:55 PM,C105,Byungkon Kang,
95409,CSE,215,Foundations of Comp Science,,LEC,90,4,TUTH,12:30 PM,1:50 PM,B204,Zhoulai Fu
95410,CSE,215,Foundations of Comp Science,,REC,R90,RECW,3:30 PM,4:25 PM,B203,Zhoulai Fu,
95570,CSE,216,Programming Abstractions,,LEC,90,4,TUTH,5:00 PM,6:20 PM,B203,YoungMin Kwon
95571,CSE,216,Programming Abstractions,,REC,R90,RECW,2:00 PM,2:55 PM,A704,YoungMin Kwon,
95411,CSE,220,Systems Fundamentals I,,LEC,90,4,TUTH,10:30 AM,11:50 AM,B203,AMOS OMONDI
95412,CSE,220,Systems Fundamentals I,,REC,R90,RECM,12:30 PM,1:25 PM,B203,AMOS OMONDI,
95500,CSE,300,Technical Communications,SPK; WRTD,LEC,90,3,MW,3:30 PM,4:50 PM,B205,Christopher Houghton
95546,CSE,303,Intro to Theory of Computation,,LEC,90,3,TUTH,3:30 PM,4:50 PM,A312,AMOS OMONDI
95442,CSE,310,Computer Networks,,LEC,90,3,MW,10:30 AM,11:50 AM,A704,Jihoon Ryoo
95573,CSE,316,Software Development,,LEC,90,3,MW,2:00 PM,3:20 PM,B204,Antonino Mione
95543,CSE,320,Systems Fundamentals II,,LEC,90,3,TUTH,12:30 PM,1:50 PM,B103,YoungMin Kwon
96333,CSE,331,Computer Security Fundamentals,,LEC,90,3,TUTH,10:30 AM,11:50 AM,B204,Antonino Mione
95467,CSE,352,Artificial Intelligence,,LEC,90,3,MW,2:00 PM,3:20 PM,B314,Seung Soo Park
95413,CSE,373,Analysis of Algorithms,,LEC,90,3,MW,9:00 AM,10:20 AM,B203,Jihoon Ryoo
95572,CSE,416,Software Engineering,,LEC,90,3,TUTH,2:00 PM,3:20 PM,B203,Arthur Lee
95443,CSE,475,Undergrad Teaching Practicum,EXP+,TUT,T90,3,APPT,1:00 AM,1:00 AM,,Arthur Lee
95539,CSE,475,Undergrad Teaching Practicum,EXP+,TUT,T91,3,APPT,1:00 AM,1:00 AM,,Antonino Mione
95540,CSE,475,Undergrad Teaching Practicum,EXP+,TUT,T92,3,APPT,1:00 AM,1:00 AM,,Alexander Kuhn
95549,CSE,475,Undergrad Teaching Practicum,EXP+,TUT,T93,3,APPT,1:00 AM,1:00 AM,,YoungMin Kwon
95550,CSE,475,Undergrad Teaching Practicum,EXP+,TUT,T94,3,APPT,1:00 AM,1:00 AM,,Jihoon Ryoo
95551,CSE,475,Undergrad Teaching Practicum,EXP+,TUT,T95,3,APPT,1:00 AM,1:00 AM,,Byungkon Kang
95552,CSE,475,Undergrad Teaching Practicum,EXP+,TUT,T96,3,APPT,1:00 AM,1:00 AM,,Zhoulai Fu
95553,CSE,475,Undergrad Teaching Practicum,EXP+,TUT,T97,3,APPT,1:00 AM,1:00 AM,,AMOS OMONDI
95554,CSE,475,Undergrad Teaching Practicum,EXP+,TUT,T98,3,APPT,1:00 AM,1:00 AM,,TBA
95434,CSE,487,Research in Computer Science,,TUT,T90,0 to 6,APPT,1:00 AM,1:00 AM,,Arthur Lee
95506,CSE,487,Research in Computer Science,,TUT,T91,0 to 6,APPT,1:00 AM,1:00 AM,,Jihoon Ryoo
95439,CSE,487,Research in Computer Science,,TUT,T92,0 to 6,APPT,1:00 AM,1:00 AM,,TBA
95433,CSE,487,Research in Computer Science,,TUT,T93,0 to 6,APPT,1:00 AM,1:00 AM,,AMOS OMONDI
95507,CSE,487,Research in Computer Science,,TUT,T94,0 to 6,APPT,1:00 AM,1:00 AM,,Chi Him Wong
95503,CSE,487,Research in Computer Science,,TUT,T95,0 to 6,APPT,1:00 AM,1:00 AM,,YoungMin Kwon
95437,CSE,487,Research in Computer Science,,TUT,T96,0 to 6,APPT,1:00 AM,1:00 AM,,Byungkon Kang
95435,CSE,487,Research in Computer Science,,TUT,T97,0 to 6,APPT,1:00 AM,1:00 AM,,Antonino Mione
95436,CSE,487,Research in Computer Science,,TUT,T98,0 to 6,APPT,1:00 AM,1:00 AM,,Alexander Kuhn
95508,CSE,487,Research in Computer Science,,TUT,T99,0 to 6,APPT,1:00 AM,1:00 AM,,TBA
95658,CSE,502,Computer Architecture,,LEC,90,3,MW,2:00 PM,3:20 PM,B313,AMOS OMONDI
96331,CSE,508,Network Security,,LEC,90,3,TUTH,10:30 AM,11:50 AM,B204,Antonino Mione
96330,CSE,522,Special Project in Computer Sc,,TUT,T90,3,APPT,1:00 AM,1:00 AM,,Arthur Lee
95643,CSE,523,Advanced Project in Computer S,,TUT,T91,3,APPT,1:00 AM,1:00 AM,,Arthur Lee
95427,CSE,524,Advanced Project in Computer S,,TUT,T90,3,APPT,1:00 AM,1:00 AM,,Arthur Lee
95660,CSE,534,Fundament of Computer Networks,,LEC,90,3,MW,10:30 AM,11:50 AM,A704,Jihoon Ryoo
96328,CSE,537,Artificial Intelligence,,LEC,90,3,MW,3:30 PM,4:50 PM,A312,Seung Soo Park
96326,CSE,587,Proficiency Requirement,,TUT,T90,3,APPT,1:00 AM,1:00 AM,,Arthur Lee
96327,CSE,587,Proficiency Requirement,,TUT,T91,APPT,1:00 AM,1:00 AM,,Byungkon Kang,
95428,CSE,593,Independent Study in Comp Sci,,TUT,T90,1 to 9,APPT,1:00 AM,1:00 AM,,Arthur Lee
95652,CSE,593,Independent Study in Comp Sci,,TUT,T91,1 to 9,APPT,1:00 AM,1:00 AM,,Byungkon Kang
95661,CSE,593,Independent Study in Comp Sci,,TUT,T93,1 to 9,APPT,1:00 AM,1:00 AM,,Jihoon Ryoo
96325,CSE,596,MS Internship Prog Off-Campus,,TUT,T90,1,APPT,1:00 AM,1:00 AM,,Arthur Lee
95429,CSE,599,M.S. Thesis Research,,TUT,T90,1 to 12,APPT,1:00 AM,1:00 AM,,Arthur Lee
95690,CSE,599,M.S. Thesis Research,,TUT,T91,1 to 12,APPT,1:00 AM,1:00 AM,,Chi Him Wong
96666,CSE,599,M.S. Thesis Research,,TUT,T92,1 to 12,APPT,1:00 AM,1:00 AM,,Jihoon Ryoo
96324,CSE,600,Rsrch in Modern Computer Sci.,,SEM,S90,0 to 1,F,2:00 PM,3:20 PM,,YoungMin Kwon
95501,CSE,644,Seminar in Databases,,SEM,S90,,TU,6:30 PM,7:50 PM,,TBA
95626,CSE,646,Sem in Artificial Intelligence,,SEM,S90,,TU,6:30 PM,7:50 PM,,Byungkon Kang
95502,CSE,649,Seminar in Operating Systems,,SEM,S90,,TU,6:30 PM,7:50 PM,,YoungMin Kwon
95414,CSE,658,Sem on Mobile and Wireless Net,,SEM,S90,1,TU,6:30 PM,7:50 PM,,Jihoon Ryoo
96323,CSE,659,Seminar in Computer Security,,SEM,S90,1,TU,6:30 PM,7:50 PM,,Antonino Mione
95430,CSE,698,Practicum in Teaching,,TUT,T90,0 to 3,APPT,1:00 AM,1:00 AM,,Arthur Lee
95601,CSE,698,Practicum in Teaching,,TUT,T92,0 to 3,APPT,1:00 AM,1:00 AM,,Byungkon Kang
95431,CSE,699,Dissertation Resrch on Campus,,TUT,T90,0 to 9,APPT,1:00 AM,1:00 AM,,Arthur Lee
95683,CSE,699,Dissertation Resrch on Campus,,TUT,T91,0 to 9,APPT,1:00 AM,1:00 AM,,Chi Him Wong
95555,CSE,699,Dissertation Resrch on Campus,,TUT,T92,0 to 9,APPT,1:00 AM,1:00 AM,,YoungMin Kwon
95556,CSE,699,Dissertation Resrch on Campus,,TUT,T93,0 to 9,APPT,1:00 AM,1:00 AM,,Jihoon Ryoo
95557,CSE,699,Dissertation Resrch on Campus,,TUT,T94,0 to 9,APPT,1:00 AM,1:00 AM,,Byungkon Kang
95432,CSE,700,Dissertation off Campus Domest,,TUT,T90,0 to 9,APPT,1:00 AM,1:00 AM,,Arthur Lee
Class Nbr,Subj,CRS,Course Title,SBC,Cmp,Sctn,Credits,Days,Start Time,End Time,Room,Instructor
96530,ESE,123,Introduction to Electrical and Computer Engineering,TECH,LEC,90,4,TUTH,9:00 AM,10:20 AM,B203,Sangjin Hong
96531,ESE,123,Introduction to Electrical and Computer Engineering,TECH,LAB,L90,TU,2:00 PM,4:50 PM,C508,Sangjin Hong,
96532,ESE,123,Introduction to Electrical and Computer Engineering,TECH,LAB,L91,TH,2:00 PM,4:50 PM,C508,Sangjin Hong,
96554,ESE,475,Undergraduate Teaching Practicum,EXP+,TUT,T90,3,APPT,1:00 AM,1:00 AM,,Sangjin Hong
96555,ESE,476,Instructional Laboratory Development  Practicum,EXP+,TUT,T90,3,APPT,1:00 AM,1:00 AM,,Sangjin Hong
96556,ESE,488,Internship in Electrical/Computer Engineering,EXP+,TUT,T90,3,APPT,1:00 AM,1:00 AM,,Sangjin Hong
96558,ESE,499,Research in Electrical Sciences,,TUT,T90,0 to 3,APPT,1:00 AM,1:00 AM,,Sangjin Hong
Class Nbr,Subj,CRS,Course Title,SBC,Cmp,Sctn,Credits,Days,Start Time,End Time,Room,Instructor
96473,EST,100,"Designing, Producing & Presenting Multimedia Projects",,LEC,90,3,TU,3:30 PM,4:50 PM,A314,Maurice Bess
"",,,,,,,TH,A313,,,,
95575,EST,194,Decision-making,QPS,LEC,90,3,MW,5:00 PM,6:20 PM,B105,Mark Whitaker
96474,EST,201,Technological Trends in Society,,LEC,90,3,TUTH,12:30 PM,1:50 PM,B313,Gayoung Park
95416,EST,202,"Intro to Sci, Tech,Soc Studies",TECH,LEC,90,3,TUTH,3:30 PM,4:50 PM,B203,Anthony Pennings
96475,EST,204,Modern Digital Technology and Innovation,,LEC,90,3,TUTH,2:00 PM,3:20 PM,B313,James Larson
95576,EST,205,Intro to Tech Design,TECH,LEC,90,3,TUTH,2:00 PM,3:20 PM,B105,Neal Dreamson
96580,EST,221,Multimedia for Online Content Platforms,TECH,LEC,90,3,MW,5:00 PM,6:20 PM,A115,Cornelius Bradter
95417,EST,230,ICT for Development,TECH,LEC,90,3,MW,5:00 PM,6:20 PM,B207,Anthony Pennings
95615,EST,280,Fundmtls of Indstrl Engnrng,TECH,LEC,90,3,TUTH,9:00 AM,10:20 AM,B105,Sangchan Park
95529,EST,304,Communication for Engr & Sci,,LEC,90,3,TUTH,12:30 PM,1:50 PM,B207,Su Hyeong Kim
95441,EST,305,App Software for Info Mgt,,LEC,90,3,TUTH,12:30 PM,1:50 PM,A313,Maurice Bess
95577,EST,310,Design of Computer Games,TECH,LEC,90,3,MW,10:30 AM,11:50 AM,A211,Maurice Bess
95616,EST,320,Communication Tech Systems,STAS,LEC,90,3,TUTH,12:30 PM,1:50 PM,B203,Anthony Pennings
95418,EST,326,Management for Engineers,,LEC,90,3,MW,3:30 PM,4:50 PM,C105,Joseph Cabuay
96321,EST,330,Natural Disasters,STAS,LEC,90,3,MW,2:00 PM,3:20 PM,B207,Jang Lee
95419,EST,331,Engineering Ethics,STAS,LEC,90,3,TUTH,2:00 PM,3:20 PM,C107,Joseph Cabuay
95420,EST,364,How to Build a Startup,EXP+,LEC,90,3,MW,9:00 AM,10:20 AM,B205,Suzana Brown
95421,EST,371,Data Sci Management,,LEC,90,3,MW,2:00 PM,3:20 PM,B103,KYUNG KU KIM
95530,EST,372,Mobile Revolution,,LEC,90,3,TUTH,3:30 PM,4:50 PM,B105,Sira Maliphol
95422,EST,391,Technology Assessment,STAS,LEC,90,3,MW,10:30 AM,11:50 AM,B205,Mark Whitaker
95438,EST,392,Engineering Economics,SBS,LEC,90,3,TUTH,5:00 PM,6:20 PM,B105,Jin-sang Lee
95423,EST,393,Project Management,,LEC,90,3,MW,5:00 PM,6:20 PM,B203,Jang Lee
95424,EST,440,Interdis Rsch Methods,,LEC,90,3,TUTH,10:30 AM,11:50 AM,A312,Sira Maliphol
95447,EST,441,Interdis Senior Project,,LEC,90,3,TUTH,10:30 AM,11:50 AM,B313,Neal Dreamson
95682,EST,475,Undergrad Teaching Practicum,EXP+,TUT,T104,3,APPT,1:00 AM,1:00 AM,,Neal Dreamson
95655,EST,488,Internship in Tech & Society,EXP+,TUT,T103,1 to 3,APPT,1:00 AM,1:00 AM,,Jin-sang Lee
95684,EST,488,Internship in Tech & Society,EXP+,TUT,T104,1 to 3,APPT,1:00 AM,1:00 AM,,Neal Dreamson
95603,EST,488,Internship in Tech & Society,EXP+,TUT,T93,1 to 3,APPT,1:00 AM,1:00 AM,,Anthony Pennings
95653,EST,488,Internship in Tech & Society,EXP+,TUT,T96,1 to 3,APPT,1:00 AM,1:00 AM,,Mark Whitaker
95654,EST,488,Internship in Tech & Society,EXP+,TUT,T98,1 to 3,APPT,1:00 AM,1:00 AM,,Jang Lee
96684,EST,499,Research in Tech & Society,EXP+,TUT,T92,0 to 3,APPT,1:00 AM,1:00 AM,,Sangchan Park
95533,EST,499,Research in Tech & Society,EXP+,TUT,T101,0 to 3,APPT,1:00 AM,1:00 AM,,Joseph Cabuay
95534,EST,499,Research in Tech & Society,EXP+,TUT,T103,0 to 3,APPT,1:00 AM,1:00 AM,,Jin-sang Lee
95651,EST,499,Research in Tech & Society,EXP+,TUT,T104,0 to 3,APPT,1:00 AM,1:00 AM,,Neal Dreamson
95513,EST,499,Research in Tech & Society,EXP+,TUT,T91,0 to 3,APPT,1:00 AM,1:00 AM,,James Larson
95514,EST,499,Research in Tech & Society,EXP+,TUT,T93,0 to 3,APPT,1:00 AM,1:00 AM,,Anthony Pennings
95515,EST,499,Research in Tech & Society,EXP+,TUT,T95,0 to 3,APPT,1:00 AM,1:00 AM,,Suzana Brown
95516,EST,499,Research in Tech & Society,EXP+,TUT,T96,0 to 3,APPT,1:00 AM,1:00 AM,,Mark Whitaker
95531,EST,499,Research in Tech & Society,EXP+,TUT,T97,0 to 3,APPT,1:00 AM,1:00 AM,,Johng-Ihl Lee
95532,EST,499,Research in Tech & Society,EXP+,TUT,T98,0 to 3,APPT,1:00 AM,1:00 AM,,Jang Lee
95547,EST,558,Digital tech in disaster risk,,SEM,S90,3,SAT,9:00 AM,11:50 AM,B204,James Larson
95415,EST,581,Heurist &Quant Decision Making,,LEC,90,3,M,7:00 PM,9:50 PM,B207,Suzana Brown
96320,EST,583,National Energy Decision,,LEC,90,3,F,4:00 PM,6:50 PM,B204,Sung Jin Kim
95647,EST,697,Directed Study,,SUP,V102,1 to 9,HTBA,1:00 AM,1:00 AM,,TBA
95559,EST,697,Directed Study,,SUP,V103,1 to 9,HTBA,1:00 AM,1:00 AM,,Jin-sang Lee
95440,EST,697,Directed Study,,SUP,V91,1 to 9,HTBA,1:00 AM,1:00 AM,,James Larson
95607,EST,697,Directed Study,,SUP,V92,1 to 9,HTBA,1:00 AM,1:00 AM,,TBA
95608,EST,697,Directed Study,,SUP,V95,1 to 9,HTBA,1:00 AM,1:00 AM,,Suzana Brown
95558,EST,697,Directed Study,,SUP,V96,1 to 9,HTBA,1:00 AM,1:00 AM,,Mark Whitaker
95648,EST,699,Dissertation Research on Campu,,SUP,V103,1 to 9,HTBA,1:00 AM,1:00 AM,,Jin-sang Lee
95560,EST,699,Dissertation Research on Campu,,SUP,V91,1 to 9,HTBA,1:00 AM,1:00 AM,,James Larson
95685,EST,699,Dissertation Research on Campu,,SUP,V93,1 to 9,HTBA,1:00 AM,1:00 AM,,Anthony Pennings
96322,EMP,501,Behav & Organz Aspects of Mgmt,,LEC,90,3,TH,7:00 PM,8:20 PM,B204,Joseph Cabuay
96427,EMP,501,Behav & Organz Aspects of Mgmt,,SEM,S90,TH,8:30 PM,9:50 PM,B204,Joseph Cabuay,
95624,EMP,517,Quality and Value Management,,LEC,90,3,F,7:00 PM,9:50 PM,B204,Young-Geun Lee
Class Nbr,Subj,CRS,Course Title,SBC,Cmp,Sctn,Credits,Days,Start Time,End Time,Room,Instructor
95425,MEC,101,Freshman Design Innovation,,LEC,90,3,TUTH,12:30 PM,1:50 PM,B105,Cornelius Bradter
95426,MEC,203,Eng Graphics and CAD,,LEC,90,3,TH,2:00 PM,4:50 PM,A115,Jong Park
95578,MEC,226,Modern Machining Practices,,LAB,L90,1,TH,5:00 PM,6:20 PM,B1093,Jong Eun Park
95496,MEC,301,Thermodynamics,,LEC,90,3,TUTH,3:30 PM,4:50 PM,A117,JONGSEONG CHOI
95497,MEC,310,Introduction to Machine Design,,LEC,90,3,TUTH,10:30 AM,11:50 AM,B205,Changwoon Han
95498,MEC,316,Instrumentation and Solids Lab,TECH,LAB,L90,2,W,9:00 AM,11:50 AM,A114,Changwoon Han
95499,MEC,320,Num Methods Eng Des Anal,,LEC,90,3,MW,2:00 PM,3:20 PM,A114,JONGSEONG CHOI
95612,MEC,325,Manufacturing Processes,,LEC,90,3,MW,3:30 PM,4:50 PM,A114,Min Yang Yang
95504,MEC,364,Intro to Fluid Mechanics,,LEC,90,3,TUTH,2:00 PM,3:20 PM,B205,Hamid Hefazi
95505,MEC,364,Intro to Fluid Mechanics,,REC,R90,RECW,5:00 PM,5:55 PM,B206,Hamid Hefazi,
95579,MEC,402,Mechanical Vibrations,,LEC,90,3,MW,2:00 PM,3:20 PM,B205,Seung Bok Choi
95526,MEC,422,Thermal System Design,,LEC,90,3,MW,5:00 PM,6:20 PM,B204,Gun Woong Bahng
96454,MEC,441,Mechanical Engnrng Design II,,LEC,91,3,TUTH,2:00 PM,3:20 PM,B314,Yugene Pak
95689,MEC,488,Mechanical Engnrng Internship,EXP+,TUT,T90,3 to 9,APPT,1:00 AM,1:00 AM,,Hamid Hefazi
95486,MEC,499,Research in Mechanical Engnrng,,TUT,T90,0 to 3,APPT,1:00 AM,1:00 AM,,Hamid Hefazi
95487,MEC,499,Research in Mechanical Engnrng,,TUT,T91,0 to 3,APPT,1:00 AM,1:00 AM,,Yugene Pak
95488,MEC,499,Research in Mechanical Engnrng,,TUT,T92,0 to 3,APPT,1:00 AM,1:00 AM,,Gun Woong Bahng
95489,MEC,499,Research in Mechanical Engnrng,,TUT,T93,0 to 3,APPT,1:00 AM,1:00 AM,,Bruce Jo
95490,MEC,499,Research in Mechanical Engnrng,,TUT,T94,0 to 3,APPT,1:00 AM,1:00 AM,,Changwoon Han
95580,MEC,499,Research in Mechanical Engnrng,,TUT,T95,0 to 3,APPT,1:00 AM,1:00 AM,,Min Yang Yang
95636,MEC,499,Research in Mechanical Engnrng,,TUT,T97,0 to 3,APPT,1:00 AM,1:00 AM,,JONGSEONG CHOI
95679,MEC,499,Research in Mechanical Engnrng,,TUT,T98,0 to 3,APPT,1:00 AM,1:00 AM,,Woong Moo Lee
95623,MEC,501,Conv Heat Transfer and Exchang,,LEC,90,3,F,12:30 PM,3:20 PM,B204,Joon Sik Lee
96397,MEC,507,Mathematical Methods I,,LEC,90,3,TUTH,12:30 PM,1:50 PM,B205,Young-seon Lee
96315,MEC,536,Mechanics of Solids,,LEC,90,3,MW,10:30 AM,11:50 AM,B618,Yugene Pak
95454,MEC,599,Research,,TUT,T90,1 to 12,APPT,1:00 AM,1:00 AM,,Hamid Hefazi
95455,MEC,599,Research,,TUT,T91,1 to 12,APPT,1:00 AM,1:00 AM,,Yugene Pak
95456,MEC,599,Research,,TUT,T92,1 to 12,APPT,1:00 AM,1:00 AM,,Gun Woong Bahng
95457,MEC,599,Research,,TUT,T93,1 to 12,APPT,1:00 AM,1:00 AM,,Bruce Jo
95458,MEC,599,Research,,TUT,T94,1 to 12,APPT,1:00 AM,1:00 AM,,Changwoon Han
95581,MEC,599,Research,,TUT,T95,1 to 12,APPT,1:00 AM,1:00 AM,,Min Yang Yang
95582,MEC,599,Research,,TUT,T96,1 to 12,APPT,1:00 AM,1:00 AM,,JONGSEONG CHOI
95524,MEC,691,Mechanical Engineering Seminar,,SEM,S90,,HTBA,1:00 AM,1:00 AM,,Changwoon Han
95635,MEC,698,Practicum in Teaching II,,TUT,T90,1 to 3,APPT,1:00 AM,1:00 AM,,Hamid Hefazi
95459,MEC,699,Dissertation Resrch on Campus,,TUT,T90,1 to 9,APPT,1:00 AM,1:00 AM,,Hamid Hefazi
95460,MEC,699,Dissertation Resrch on Campus,,TUT,T91,1 to 9,APPT,1:00 AM,1:00 AM,,Yugene Pak
95461,MEC,699,Dissertation Resrch on Campus,,TUT,T92,1 to 9,APPT,1:00 AM,1:00 AM,,Gun Woong Bahng
95462,MEC,699,Dissertation Resrch on Campus,,TUT,T93,1 to 9,APPT,1:00 AM,1:00 AM,,Bruce Jo
95463,MEC,699,Dissertation Resrch on Campus,,TUT,T94,1 to 9,APPT,1:00 AM,1:00 AM,,Changwoon Han
95583,MEC,699,Dissertation Resrch on Campus,,TUT,T95,1 to 9,APPT,1:00 AM,1:00 AM,,Min Yang Yang
95584,MEC,699,Dissertation Resrch on Campus,,TUT,T96,1 to 9,APPT,1:00 AM,1:00 AM,,JONGSEONG CHOI
Class Nbr,Subj,CRS,Course Title,SBC,Cmp,Sctn,Credits,Days,Start Time,End Time,Room,Instructor
95668,ARS,205,Foundations: Idea and Form,ARTS,LAB,L90,3,MF,9:00 AM,11:50 AM,A114,Rachel Stuckey
95670,ARS,225,Introduction to Digital Art,ARTS; TECH,LEC,90,3,W,9:00 AM,11:50 AM,A115,Rachel Stuckey
95669,ARS,225,Introduction to Digital Art,ARTS; TECH,LAB,L90,F,12:30 PM,3:20 PM,A115,Rachel Stuckey,
95544,ATM,102,Weather and Climate,SNW,LEC,90,3,F,12:30 PM,3:20 PM,C103,Seon Ki Park
95448,BIO,201,Organisms to Ecosystems,SNW,LEC,90,3,TUTH,9:00 AM,10:20 AM,C105,Claire Louise Dell
96398,CAR,151,Career & Life Design I,,,,2,TH,3:30 PM,5:20 PM,A114,Sunghyun Lee
96339,CAR,251,Career & Life Design II,,SEM,S90,2,F,10:00 AM,11:50 AM,B105,Sunghyun Lee
95542,CHI,111,Elementary Chinese I,Partially fulfills: LANG,LEC,90,4,MW,5:00 PM,6:20 PM,A724,Mengyang Jia
95541,CHI,111,Elementary Chinese I,Partially fulfills: LANG,REC,R90,RECM,6:30 PM,7:25 PM,A724,Mengyang Jia,
95566,CHI,111,Elementary Chinese I,Partially fulfills: LANG,LEC,91,4,TUTH,2:00 PM,3:20 PM,A724,Mengyang Jia
95567,CHI,111,Elementary Chinese I,Partially fulfills: LANG,REC,R91,RETU,3:30 PM,4:25 PM,A724,Mengyang Jia,
95600,CHI,111,Elementary Chinese I,Partially fulfills: LANG,LEC,92,4,TUTH,10:30 AM,11:50 AM,A724,Mengyang Jia
95599,CHI,111,Elementary Chinese I,Partially fulfills: LANG,REC,R92,RETH,9:30 AM,10:25 AM,A724,Mengyang Jia,
95688,CHI,111,Elementary Chinese I,Partially fulfills: LANG,LEC,93,4,MW,2:00 PM,3:20 PM,A724,Mengyang Jia
95687,CHI,111,Elementary Chinese I,Partially fulfills: LANG,REC,R93,RECW,3:30 PM,4:25 PM,A724,Mengyang Jia,
95568,CHI,112,Elementary Chinese II,LANG,LEC,90,4,MW,9:00 AM,10:20 AM,A704,Mengyang Jia
95569,CHI,112,Elementary Chinese II,LANG,REC,R90,RECM,10:30 AM,11:25 AM,A724,Mengyang Jia,
95482,ECO,108,Introduction to Economics,SBS,LEC,90,4,TUTH,3:30 PM,4:50 PM,B207,Jong Seok Kim
95483,ECO,108,Introduction to Economics,SBS,REC,R90,RETU,2:00 PM,2:55 PM,B207,Jong Seok Kim,
95634,ECO,108,Introduction to Economics,SBS,LEC,91,4,TUTH,10:30 AM,11:50 AM,B207,Jong Seok Kim
95633,ECO,108,Introduction to Economics,SBS,REC,R91,RETH,2:00 PM,2:55 PM,B207,Jong Seok Kim,
95536,ESG,281,Engnrng Intro to Solid State,,LEC,90,3,TUTH,9:00 AM,10:20 AM,B314,Woong Moo Lee
95535,ESG,281,Engnrng Intro to Solid State,,REC,R90,RETU,10:30 AM,11:25 AM,B314,Woong Moo Lee,
95538,ESG,332,Materials Sci I: Struct & Prop,,LEC,90,3,TUTH,10:30 AM,11:50 AM,A704,Oh Yang Kwon
95537,ESG,332,Materials Sci I: Struct & Prop,,REC,R90,RETU,9:30 AM,10:25 AM,A704,Oh Yang Kwon,
95681,FLM,102,Intro to Film/TV Composition,HUM,LEC,91,3,F,2:00 PM,4:50 PM,C105,Sun Park
96400,FLM,102,Intro to Film/TV Composition,HUM,LEC,92,3,F,9:30 AM,12:20 PM,C105,Sun Park
95640,GEO,102,The Earth,SNW,LEC,90,3,F,9:30 AM,12:20 PM,C103,Young Jae Lee
96318,HIS,101,Ancient Mesopotamia to Early Modern Europe,GLO; SBS,LEC,90,3,MW,9:00 AM,9:55 AM,C107,Donald Bellomy
96319,HIS,101,Ancient Mesopotamia to Early Modern Europe,GLO; SBS,REC,R90,RECW,10:00 AM,10:55 AM,C107,Donald Bellomy,
95593,HIS,103,American History to 1877,DIV; SBS; USA,LEC,90,3,TUTH,3:30 PM,4:25 PM,C103,Donald Bellomy
95592,HIS,103,American History to 1877,DIV; SBS; USA,REC,R90,TH,12:30 PM,1:25 PM,C103,Donald Bellomy,
95663,KOR,111,Elementary Korean I,Partially fulfills: LANG,LEC,90,4,TUTH,9:00 AM,10:20 AM,A114,Hea Hur
95662,KOR,111,Elementary Korean I,Partially fulfills: LANG,REC,R90,RETU,10:30 AM,11:25 AM,A114,Hea Hur,
95493,KOR,220,Intermediate Heritage Korean,GLO; HUM; LANG,LEC,90,3,M,9:00 AM,11:50 AM,C105,Koksuk Seo
95680,KOR,220,Intermediate Heritage Korean,GLO; HUM; LANG,LEC,91,3,M,12:00 PM,2:50 PM,C105,Koksuk Seo
95521,MAP,103,Proficiency Algebra,,LEC,90,3,MW,10:30 AM,11:50 AM,B204,Sang Hee Park
95523,MAT,122,Overview of Calculus with Appl,QPS,LEC,90,3,MW,10:30 AM,11:50 AM,B103,Jaeyeong Lee
95522,MAT,122,Overview of Calculus with Appl,QPS,REC,R90,RECM,12:30 PM,1:25 PM,B103,Jaeyeong Lee,
95491,MAT,123,Precalculus,QPS,LEC,90,3,MW,5:00 PM,6:20 PM,C107,Young-seon Lee
95492,MAT,123,Precalculus,QPS,REC,R90,RECM,12:30 PM,1:25 PM,C107,Young-seon Lee,
95589,MAT,200,"Logic, Language and Proof",STEM+,LEC,90,3,MW,2:00 PM,3:20 PM,B105,Suil O
95545,MUS,105,Music Cultures of the World,ARTS,LEC,90,3,TU,9:30 AM,12:30 PM,C103,Soojin Kim
95449,OAE,581,Oral Acad. English (Int.),,LEC,90,3,F,9:00 AM,11:50 AM,A117,Hyun-ju Kim
95450,OAE,585,Oral Acad. English (Advanced),,LEC,90,3,F,9:00 AM,11:50 AM,A117,Hyun-ju Kim
95484,PHY,131,Classical Physics I,SNW,LEC,90,3,TUTH,10:30 AM,11:50 AM,A211,Mackenzie Lenz
95485,PHY,131,Classical Physics I,SNW,REC,R90,3,RECW,9:30 AM,10:25 AM,A211,Mackenzie Lenz
95480,PHY,132,Classical Physics II,SNW,LEC,90,3,TUTH,9:00 AM,10:20 AM,A211,Mackenzie Lenz
95481,PHY,132,Classical Physics II,SNW,REC,R90,3,RECW,10:30 AM,11:25 AM,A114,Mackenzie Lenz
95478,PHY,133,Classical Physics Laboratory I,,LAB,L90,1,F,9:00 AM,11:20 AM,C303,Mackenzie Lenz
95479,PHY,133,Classical Physics Laboratory I,,LAB,L91,1,F,11:30 AM,1:50 PM,C303,Mackenzie Lenz
95477,PHY,134,Classical Physics Lab II,,LAB,L91,1,W,2:00 PM,4:20 PM,C303,Mackenzie Lenz
95528,POL,101,World Politics,GLO; SBS,LEC,90,3,W,9:00 AM,11:50 AM,C105,Won Geun Choi
95476,POL,102,Intro to American Government,SBS; USA,LEC,90,3,MW,2:00 PM,3:20 PM,C103,Jung-Min Hong
95595,SOC,247,Sociology of Gender,DIV; SBS,LEC,90,3,F,3:00 PM,5:50 PM,C107,Juhyun Woo
95585,SUS,206,Economics and Sustainability,SBS+,LEC,90,3,TUTH,12:30 PM,1:25 PM,A211,Young June Kwon
95586,SUS,206,Economics and Sustainability,SBS+,REC,R90,RETH,2:00 PM,2:55 PM,A211,Young June Kwon,
95474,WAE,192,High Intermediate Writing,,LEC,90,3,MW,10:30 AM,11:50 AM,B104,Hyun-ju Kim
95475,WAE,192,High Intermediate Writing,,LEC,91,3,MW,2:00 PM,3:20 PM,B104,Hyun-ju Kim
95613,WAE,192,High Intermediate Writing,,LEC,92,3,MW,3:30 PM,4:50 PM,B104,Hyun-ju Kim
95471,WAE,194,Advanced Writing Academic Eng,,LEC,90,3,MW,9:00 AM,10:20 AM,A116,Christopher Houghton
95472,WAE,194,Advanced Writing Academic Eng,,LEC,91,3,MW,10:30 AM,11:50 AM,B206,Andrew Lasher
95473,WAE,194,Advanced Writing Academic Eng,,LEC,92,3,MW,2:00 PM,3:20 PM,A116,Christopher Houghton
95512,WAE,194,Advanced Writing Academic Eng,,LEC,93,3,MW,3:30 PM,4:50 PM,A117,Lindsay Dennison
95604,WAE,194,Advanced Writing Academic Eng,,LEC,94,3,MW,10:30 AM,11:50 AM,A117,Lindsay Dennison
95614,WAE,194,Advanced Writing Academic Eng,,LEC,95,3,MW,9:00 AM,10:20 AM,A117,Lindsay Dennison
95468,WRT,101,Introductory Writing Workshop,Partially fulfills: WRT,LEC,90,3,MW,10:30 AM,11:50 AM,A116,Jessamine Price
95469,WRT,101,Introductory Writing Workshop,Partially fulfills: WRT,LEC,91,3,TUTH,9:00 AM,10:20 AM,A117,Terrence Oliga
95470,WRT,101,Introductory Writing Workshop,Partially fulfills: WRT,LEC,92,3,TUTH,10:30 AM,11:50 AM,A117,Terrence Oliga
95525,WRT,101,Introductory Writing Workshop,Partially fulfills: WRT,LEC,93,3,TUTH,2:00 PM,3:20 PM,A117,Terrence Oliga
95617,WRT,101,Introductory Writing Workshop,Partially fulfills: WRT,LEC,94,3,TUTH,2:00 PM,3:20 PM,A116,Jessamine Price
95561,WRT,101,Introductory Writing Workshop,Partially fulfills: WRT,LEC,95,3,TUTH,3:30 PM,4:50 PM,A116,Jessamine Price
95464,WRT,102,Intermediate Writing Workshop,WRT,LEC,90,3,TUTH,9:00 AM,10:20 AM,B104,Timothy Fletcher
95465,WRT,102,Intermediate Writing Workshop,WRT,LEC,91,3,TUTH,10:30 AM,11:50 AM,B206,Andrew Schenck
95466,WRT,102,Intermediate Writing Workshop,WRT,LEC,92,3,TUTH,10:30 AM,11:50 AM,B104,Timothy Fletcher
95548,WRT,102,Intermediate Writing Workshop,WRT,LEC,93,3,TUTH,2:00 PM,3:20 PM,B206,Andrew Schenck
95590,WRT,102,Intermediate Writing Workshop,WRT,LEC,94,3,TUTH,2:00 PM,3:20 PM,B104,Timothy Fletcher
95596,WST,247,Sociology of Gender,DIV; SBS,LEC,90,3,F,3:00 PM,5:50 PM,C107,Juhyun Woo
